date,day_of_week,month,year,shift,total_arrivals,staff_on_duty,crowding_ratio,avg_wait_min,avg_los_min,admitted,discharged,left_without_seen,transferred,triage_critical,triage_urgent,triage_semi_urgent,triage_non_urgent,patient_satisfaction
2023-01-01,Sunday,January,2023,Day,127,17,1.15,64.8,149.5,19,90,12,6,3,23,56,39,6.5
2023-01-02,Monday,January,2023,Night,161,18,1.38,57.4,95.9,40,86,13,22,7,33,69,46,7.2
2023-01-03,Tuesday,January,2023,Night,146,12,1.87,86.0,182.1,35,78,21,12,3,23,59,45,6.3
2023-01-04,Wednesday,January,2023,Evening,162,21,1.19,58.7,107.5,24,110,16,12,6,25,70,47,7.5
2023-01-05,Thursday,January,2023,Evening,144,19,1.17,84.0,159.7,24,94,14,12,5,25,57,41,7.2
2023-01-06,Friday,January,2023,Night,135,20,1.04,65.2,116.1,41,91,11,0,5,22,66,45,6.5
2023-01-07,Saturday,January,2023,Evening,111,19,0.9,44.3,80.2,18,63,10,20,3,24,55,33,7.8
2023-01-08,Sunday,January,2023,Day,87,15,0.89,49.5,80.1,15,52,8,12,3,17,36,30,7.6
2023-01-09,Monday,January,2023,Day,172,18,1.47,95.1,161.2,40,94,19,19,8,27,74,50,6.2
2023-01-10,Tuesday,January,2023,Night,159,18,1.36,86.1,148.9,33,91,17,18,7,32,73,45,6.7
2023-01-11,Wednesday,January,2023,Evening,147,20,1.13,79.9,114.0,30,97,13,7,3,25,62,44,6.6
2023-01-12,Thursday,January,2023,Day,172,21,1.26,82.8,165.3,34,86,17,35,8,37,84,54,5.6
2023-01-13,Friday,January,2023,Night,182,19,1.47,88.2,156.4,56,118,20,0,4,33,88,64,6.2
2023-01-14,Saturday,January,2023,Night,110,18,0.94,63.7,146.6,31,70,9,0,5,19,48,31,9.6
2023-01-15,Sunday,January,2023,Evening,93,16,0.89,45.5,78.2,26,50,7,10,3,20,42,29,9.2
2023-01-16,Monday,January,2023,Evening,174,23,1.16,78.5,166.8,45,97,18,14,6,33,76,53,6.7
2023-01-17,Tuesday,January,2023,Evening,134,19,1.09,58.3,103.1,29,85,12,8,4,28,62,39,7.0
2023-01-18,Wednesday,January,2023,Night,120,19,0.97,62.8,165.1,37,70,11,2,3,18,49,33,5.6
2023-01-19,Thursday,January,2023,Day,117,21,0.86,58.4,109.0,30,81,9,0,4,24,58,37,6.7
2023-01-20,Friday,January,2023,Day,144,21,1.05,56.4,146.3,29,100,11,4,6,22,62,54,7.2
2023-01-21,Saturday,January,2023,Night,124,16,1.19,83.5,184.7,20,75,9,20,3,19,51,44,4.8
2023-01-22,Sunday,January,2023,Night,83,23,0.56,48.7,46.9,23,58,6,0,2,12,39,27,6.5
2023-01-23,Monday,January,2023,Night,148,19,1.2,74.5,157.6,46,86,12,4,3,32,59,54,6.3
2023-01-24,Tuesday,January,2023,Day,211,20,1.62,97.3,236.4,52,147,20,0,10,44,94,72,5.2
2023-01-25,Wednesday,January,2023,Evening,143,22,1.0,58.2,127.7,38,76,13,16,6,30,57,40,7.6
2023-01-26,Thursday,January,2023,Night,161,22,1.13,71.4,146.9,35,90,11,25,7,35,80,54,7.5
2023-01-27,Friday,January,2023,Night,232,19,1.88,108.9,225.3,59,134,27,12,8,48,105,77,5.5
2023-01-28,Saturday,January,2023,Day,105,24,0.67,52.9,101.1,22,62,8,13,3,21,46,35,6.1
2023-01-29,Sunday,January,2023,Day,114,19,0.92,60.8,113.3,29,63,6,16,5,20,53,33,6.3
2023-01-30,Monday,January,2023,Night,145,20,1.12,58.1,94.8,34,94,9,8,5,22,70,53,6.3
2023-01-31,Tuesday,January,2023,Night,163,18,1.39,98.4,166.8,37,108,13,5,5,30,66,52,6.3
2023-02-01,Wednesday,February,2023,Evening,141,18,1.21,67.6,150.6,40,85,10,6,5,28,62,41,7.4
2023-02-02,Thursday,February,2023,Night,142,14,1.56,90.3,140.3,27,76,14,25,3,26,62,53,5.4
2023-02-03,Friday,February,2023,Day,160,18,1.37,75.6,150.8,39,89,18,14,4,28,72,48,7.0
2023-02-04,Saturday,February,2023,Evening,95,17,0.86,58.0,84.3,15,68,6,6,4,18,42,30,6.7
2023-02-05,Sunday,February,2023,Day,128,21,0.94,55.6,135.6,22,86,8,12,3,26,59,42,7.4
2023-02-06,Monday,February,2023,Evening,158,19,1.28,85.1,140.7,29,110,14,5,3,34,73,49,6.8
2023-02-07,Tuesday,February,2023,Night,152,20,1.17,65.9,129.8,23,95,15,19,4,31,62,55,6.2
2023-02-08,Wednesday,February,2023,Evening,149,19,1.21,90.2,189.7,28,85,11,25,5,32,61,50,6.1
2023-02-09,Thursday,February,2023,Night,123,15,1.26,86.2,176.1,27,81,13,2,4,19,61,44,7.1
2023-02-10,Friday,February,2023,Day,204,25,1.26,75.0,101.1,42,119,19,24,8,37,86,66,6.4
2023-02-11,Saturday,February,2023,Evening,102,21,0.75,53.5,98.6,16,73,6,7,2,20,42,37,6.5
2023-02-12,Sunday,February,2023,Night,74,25,0.46,53.9,44.3,16,46,2,10,2,12,34,23,7.5
2023-02-13,Monday,February,2023,Day,160,19,1.3,72.3,132.0,41,88,13,18,6,33,77,51,7.0
2023-02-14,Tuesday,February,2023,Evening,157,15,1.61,91.7,145.6,39,87,19,12,4,33,74,46,6.8
2023-02-15,Wednesday,February,2023,Evening,183,15,1.88,107.4,174.9,31,125,27,0,4,30,73,67,5.9
2023-02-16,Thursday,February,2023,Day,121,24,0.78,63.8,156.8,21,84,7,9,3,24,49,41,7.2
2023-02-17,Friday,February,2023,Day,136,15,1.39,77.4,151.8,37,74,11,14,5,20,61,46,6.6
2023-02-18,Saturday,February,2023,Day,94,20,0.72,42.5,80.1,26,61,5,2,4,15,46,30,6.4
2023-02-19,Sunday,February,2023,Day,96,22,0.67,57.5,119.0,18,68,7,3,3,20,40,32,6.0
2023-02-20,Monday,February,2023,Day,197,12,2.53,162.9,339.0,40,134,29,0,4,39,85,69,2.4
2023-02-21,Tuesday,February,2023,Day,145,21,1.06,83.5,162.9,44,97,15,0,6,25,64,49,7.0
2023-02-22,Wednesday,February,2023,Evening,266,16,2.56,120.7,189.2,53,146,39,28,7,57,127,76,3.5
2023-02-23,Thursday,February,2023,Day,159,17,1.44,92.2,156.6,40,97,15,7,4,25,75,50,6.3
2023-02-24,Friday,February,2023,Night,201,19,1.63,101.7,161.0,37,124,24,16,5,31,98,75,5.0
2023-02-25,Saturday,February,2023,Day,127,20,0.98,62.6,104.6,20,69,10,28,5,23,56,43,8.2
2023-02-26,Sunday,February,2023,Night,106,16,1.02,78.8,174.5,28,72,9,0,2,22,51,29,7.1
2023-02-27,Monday,February,2023,Evening,173,23,1.16,83.0,157.8,44,96,16,17,7,27,82,57,6.3
2023-02-28,Tuesday,February,2023,Day,186,20,1.43,76.4,149.2,38,118,16,14,3,32,83,66,6.7
2023-03-01,Wednesday,March,2023,Day,115,18,0.98,66.2,114.4,30,64,11,10,3,24,50,39,6.4
2023-03-02,Thursday,March,2023,Night,129,21,0.95,58.2,97.7,38,77,12,2,5,26,61,44,7.3
2023-03-03,Friday,March,2023,Evening,131,19,1.06,64.4,88.7,24,79,8,20,3,26,56,42,8.2
2023-03-04,Saturday,March,2023,Evening,80,24,0.51,47.9,82.8,18,41,3,18,2,12,34,26,9.2
2023-03-05,Sunday,March,2023,Evening,60,19,0.49,36.6,61.1,10,31,3,16,1,12,24,20,8.3
2023-03-06,Monday,March,2023,Day,208,18,1.78,87.5,200.3,47,133,26,2,5,33,101,62,5.8
2023-03-07,Tuesday,March,2023,Day,175,20,1.35,91.0,183.1,32,113,14,16,4,31,85,61,6.0
2023-03-08,Wednesday,March,2023,Day,167,16,1.61,78.8,139.4,50,91,20,6,6,35,69,50,7.3
2023-03-09,Thursday,March,2023,Day,191,21,1.4,81.2,174.0,33,111,23,24,7,32,91,55,5.1
2023-03-10,Friday,March,2023,Evening,172,15,1.76,102.4,176.4,30,92,18,32,7,35,78,63,6.1
2023-03-11,Saturday,March,2023,Day,111,13,1.31,62.7,114.1,22,67,8,14,5,24,44,41,6.9
2023-03-12,Sunday,March,2023,Day,105,15,1.08,54.0,119.3,33,54,9,9,4,21,51,36,8.0
2023-03-13,Monday,March,2023,Evening,150,12,1.92,113.6,237.0,32,96,17,5,7,23,74,48,4.3
2023-03-14,Tuesday,March,2023,Day,139,21,1.02,71.0,155.8,39,82,13,5,4,24,61,48,6.7
2023-03-15,Wednesday,March,2023,Evening,109,17,0.99,61.4,107.1,23,75,8,3,2,18,47,34,8.6
2023-03-16,Thursday,March,2023,Day,120,21,0.88,64.7,146.9,19,84,8,9,3,20,57,40,6.9
2023-03-17,Friday,March,2023,Day,128,18,1.09,50.3,101.5,34,67,11,16,6,23,61,42,6.5
2023-03-18,Saturday,March,2023,Day,94,13,1.11,68.6,96.7,27,65,7,0,4,16,43,27,7.3
2023-03-19,Sunday,March,2023,Day,78,18,0.67,40.7,64.7,19,48,3,8,2,14,38,22,7.6
2023-03-20,Monday,March,2023,Day,136,14,1.49,79.7,141.1,26,70,12,28,3,25,55,48,5.6
2023-03-21,Tuesday,March,2023,Night,137,18,1.17,86.1,203.0,31,70,12,24,3,27,57,45,6.4
2023-03-22,Wednesday,March,2023,Evening,121,22,0.85,60.3,68.7,38,85,8,0,2,24,49,43,7.1
2023-03-23,Thursday,March,2023,Evening,103,22,0.72,39.9,49.3,22,61,6,14,4,19,51,37,8.1
2023-03-24,Friday,March,2023,Night,136,19,1.1,81.4,151.5,22,80,9,25,5,28,56,49,5.6
2023-03-25,Saturday,March,2023,Evening,98,22,0.69,53.8,74.0,15,51,7,25,4,17,42,32,7.1
2023-03-26,Sunday,March,2023,Day,77,21,0.56,36.3,78.5,12,50,5,10,2,12,36,22,7.5
2023-03-27,Monday,March,2023,Evening,223,19,1.81,109.4,169.4,47,131,31,14,9,33,98,73,5.1
2023-03-28,Tuesday,March,2023,Day,128,20,0.98,47.7,89.2,29,87,8,4,5,23,56,40,6.7
2023-03-29,Wednesday,March,2023,Evening,134,19,1.09,55.1,158.2,35,93,12,0,2,24,55,47,6.8
2023-03-30,Thursday,March,2023,Day,99,20,0.76,42.0,97.7,20,66,7,6,3,20,42,27,7.4
2023-03-31,Friday,March,2023,Night,141,19,1.14,75.8,146.7,36,86,9,10,6,24,70,47,6.9
2023-04-01,Saturday,April,2023,Day,99,18,0.85,59.8,82.2,22,62,8,7,4,19,42,35,6.7
2023-04-02,Sunday,April,2023,Night,89,19,0.72,50.4,114.6,16,55,7,11,1,14,36,31,8.2
2023-04-03,Monday,April,2023,Evening,142,20,1.09,55.7,107.1,37,98,12,0,2,23,67,53,6.8
2023-04-04,Tuesday,April,2023,Day,131,20,1.01,56.2,115.6,31,65,11,24,5,21,64,41,6.8
2023-04-05,Wednesday,April,2023,Day,110,18,0.94,55.3,128.1,29,55,8,18,4,20,51,31,8.0
2023-04-06,Thursday,April,2023,Evening,118,18,1.01,68.9,126.8,18,67,10,23,5,21,52,34,6.7
2023-04-07,Friday,April,2023,Day,105,20,0.81,65.1,128.4,27,70,5,3,3,20,43,33,7.7
2023-04-08,Saturday,April,2023,Night,74,19,0.6,51.0,100.8,22,50,3,0,2,13,30,21,6.3
2023-04-09,Sunday,April,2023,Day,76,21,0.56,49.3,85.2,23,39,2,12,3,12,32,27,6.8
2023-04-10,Monday,April,2023,Evening,117,18,1.0,72.2,66.9,24,81,7,5,5,22,57,33,7.2
2023-04-11,Tuesday,April,2023,Evening,135,17,1.22,74.8,137.5,22,71,11,31,4,21,65,47,7.0
2023-04-12,Wednesday,April,2023,Evening,113,19,0.91,49.0,114.7,25,66,9,13,2,21,54,36,8.1
2023-04-13,Thursday,April,2023,Night,97,18,0.83,49.6,106.8,29,67,5,0,2,14,43,35,7.7
2023-04-14,Friday,April,2023,Evening,110,19,0.89,68.5,151.3,21,74,8,7,4,19,54,36,5.7
2023-04-15,Saturday,April,2023,Night,92,12,1.18,64.0,125.7,24,49,8,11,4,17,45,29,6.4
2023-04-16,Sunday,April,2023,Night,83,20,0.64,47.4,100.2,13,54,3,13,3,15,39,25,7.7
2023-04-17,Monday,April,2023,Evening,133,19,1.08,69.6,127.8,22,73,9,29,5,25,57,48,6.3
2023-04-18,Tuesday,April,2023,Evening,173,15,1.77,99.5,159.8,32,118,20,3,7,32,74,52,5.5
2023-04-19,Wednesday,April,2023,Day,116,21,0.85,56.8,120.5,19,69,8,20,5,18,51,32,7.3
2023-04-20,Thursday,April,2023,Day,111,12,1.42,96.5,180.4,32,62,13,4,4,20,45,33,6.5
2023-04-21,Friday,April,2023,Day,107,16,1.03,74.2,160.1,32,57,6,12,4,23,51,35,7.1
2023-04-22,Saturday,April,2023,Evening,85,18,0.73,62.8,65.3,17,50,6,12,3,15,39,29,7.4
2023-04-23,Sunday,April,2023,Day,69,18,0.59,49.8,98.5,19,42,4,4,2,10,28,21,7.3
2023-04-24,Monday,April,2023,Day,145,19,1.17,56.7,99.4,41,90,13,1,6,25,59,49,6.6
2023-04-25,Tuesday,April,2023,Day,121,19,0.98,69.6,110.6,26,71,11,13,5,26,58,33,7.3
2023-04-26,Wednesday,April,2023,Day,114,23,0.76,44.1,35.0,19,67,8,20,2,19,56,39,7.1
2023-04-27,Thursday,April,2023,Day,121,20,0.93,66.1,90.8,18,71,8,24,2,22,52,42,8.7
2023-04-28,Friday,April,2023,Evening,134,19,1.09,59.1,149.1,38,92,13,0,3,25,58,45,6.9
2023-04-29,Saturday,April,2023,Day,89,19,0.72,49.8,67.0,23,56,5,5,3,17,38,26,7.3
2023-04-30,Sunday,April,2023,Day,85,18,0.73,43.6,86.1,13,49,4,19,3,15,36,31,7.6
2023-05-01,Monday,May,2023,Night,156,20,1.2,72.1,95.6,37,83,14,22,5,26,66,46,7.7
2023-05-02,Tuesday,May,2023,Night,111,20,0.85,63.6,143.1,25,65,10,11,4,21,51,33,6.3
2023-05-03,Wednesday,May,2023,Night,117,13,1.38,94.6,234.9,20,78,10,9,5,18,52,44,5.4
2023-05-04,Thursday,May,2023,Evening,117,21,0.86,55.9,56.3,29,80,10,0,5,23,53,43,9.4
2023-05-05,Friday,May,2023,Evening,130,12,1.67,80.8,170.1,33,91,13,0,5,20,55,41,7.7
2023-05-06,Saturday,May,2023,Night,85,19,0.69,60.8,113.9,23,56,5,1,3,16,34,27,7.3
2023-05-07,Sunday,May,2023,Day,67,19,0.54,47.7,93.7,10,40,4,13,2,11,28,20,7.4
2023-05-08,Monday,May,2023,Night,179,20,1.38,80.2,157.5,37,115,15,12,6,32,82,61,6.5
2023-05-09,Tuesday,May,2023,Day,110,21,0.81,47.8,98.9,21,67,6,16,4,18,44,36,7.7
2023-05-10,Wednesday,May,2023,Night,118,18,1.01,71.9,111.9,33,82,9,0,3,25,48,41,7.2
2023-05-11,Thursday,May,2023,Evening,119,21,0.87,58.1,112.6,33,76,6,4,3,21,50,37,7.4
2023-05-12,Friday,May,2023,Day,131,19,1.06,59.7,137.8,24,85,11,11,3,25,62,40,7.0
2023-05-13,Saturday,May,2023,Evening,97,20,0.75,37.9,81.4,14,56,5,22,3,18,38,31,7.7
2023-05-14,Sunday,May,2023,Day,84,14,0.92,56.1,135.9,14,46,4,20,3,15,36,26,7.6
2023-05-15,Monday,May,2023,Night,130,21,0.95,57.9,92.5,24,78,11,17,6,26,64,43,6.6
2023-05-16,Tuesday,May,2023,Evening,132,19,1.07,65.7,112.3,38,84,10,0,3,22,64,40,7.0
2023-05-17,Wednesday,May,2023,Evening,127,12,1.63,94.2,153.6,20,71,16,20,2,20,56,38,7.4
2023-05-18,Thursday,May,2023,Evening,122,16,1.17,85.5,108.1,27,76,8,11,6,19,58,45,6.5
2023-05-19,Friday,May,2023,Day,174,19,1.41,88.1,165.7,42,116,18,0,6,28,75,63,6.5
2023-05-20,Saturday,May,2023,Day,90,19,0.73,43.9,89.6,28,45,6,11,2,18,44,33,7.5
2023-05-21,Sunday,May,2023,Day,82,20,0.63,44.5,83.4,13,50,3,16,3,15,36,27,7.8
2023-05-22,Monday,May,2023,Day,127,14,1.4,90.3,159.4,29,69,13,16,3,26,53,36,7.0
2023-05-23,Tuesday,May,2023,Day,156,22,1.09,74.1,159.9,27,108,13,8,3,31,62,50,6.2
2023-05-24,Wednesday,May,2023,Day,138,16,1.33,65.1,111.3,38,94,13,0,4,27,66,41,6.1
2023-05-25,Thursday,May,2023,Evening,122,22,0.85,66.3,114.9,34,76,10,2,5,19,55,40,5.7
2023-05-26,Friday,May,2023,Day,173,21,1.27,94.6,201.2,34,117,14,8,5,37,84,60,6.1
2023-05-27,Saturday,May,2023,Day,105,15,1.08,68.3,132.5,30,52,9,14,4,21,47,39,6.7
2023-05-28,Sunday,May,2023,Night,73,20,0.56,48.0,75.7,14,50,4,5,2,14,33,26,6.9
2023-05-29,Monday,May,2023,Evening,152,20,1.17,78.5,105.8,41,89,11,11,6,26,61,48,5.9
2023-05-30,Tuesday,May,2023,Evening,145,21,1.06,76.8,101.4,32,103,9,1,3,31,59,46,5.8
2023-05-31,Wednesday,May,2023,Day,122,17,1.1,49.8,82.2,31,86,11,0,4,23,56,37,7.4
2023-06-01,Thursday,June,2023,Night,122,20,0.94,67.2,133.9,37,63,7,15,5,25,51,41,7.0
2023-06-02,Friday,June,2023,Evening,120,20,0.92,59.8,134.8,21,77,11,11,5,21,51,38,6.5
2023-06-03,Saturday,June,2023,Day,92,19,0.74,66.7,110.2,25,46,5,16,2,15,37,29,6.7
2023-06-04,Sunday,June,2023,Night,78,20,0.6,40.5,82.4,21,51,4,2,2,14,33,24,7.6
2023-06-05,Monday,June,2023,Day,152,18,1.3,77.3,178.9,46,78,16,12,5,23,65,50,5.9
2023-06-06,Tuesday,June,2023,Evening,129,20,0.99,61.8,89.8,20,69,11,29,3,21,55,39,7.1
2023-06-07,Wednesday,June,2023,Night,111,20,0.85,51.7,108.1,23,67,9,12,2,19,50,36,7.6
2023-06-08,Thursday,June,2023,Day,110,20,0.85,48.3,102.4,19,71,6,14,2,16,45,40,7.6
2023-06-09,Friday,June,2023,Evening,100,23,0.67,34.8,26.1,18,71,6,5,3,18,45,34,7.6
2023-06-10,Saturday,June,2023,Night,89,22,0.62,50.4,61.4,18,47,5,19,2,16,39,25,7.1
2023-06-11,Sunday,June,2023,Evening,75,17,0.68,55.2,88.8,21,51,5,0,2,15,33,22,8.5
2023-06-12,Monday,June,2023,Night,137,19,1.11,75.7,161.1,43,70,12,12,4,30,62,42,6.4
2023-06-13,Tuesday,June,2023,Night,113,18,0.97,62.4,135.3,26,56,10,21,4,17,53,38,6.2
2023-06-14,Wednesday,June,2023,Evening,133,17,1.2,71.0,126.8,40,88,14,0,6,25,61,39,7.0
2023-06-15,Thursday,June,2023,Day,102,22,0.71,40.4,72.9,18,52,7,25,4,20,48,31,8.4
2023-06-16,Friday,June,2023,Day,140,17,1.27,61.9,132.7,27,90,15,8,3,27,61,45,7.5
2023-06-17,Saturday,June,2023,Night,68,21,0.5,42.2,96.6,20,38,4,6,3,14,28,22,7.5
2023-06-18,Sunday,June,2023,Evening,76,22,0.53,46.6,64.1,11,44,4,17,2,11,36,26,6.3
2023-06-19,Monday,June,2023,Day,150,21,1.1,92.8,180.2,41,89,14,6,4,28,73,55,5.9
2023-06-20,Tuesday,June,2023,Evening,110,22,0.77,55.4,96.2,29,64,9,8,4,21,47,32,7.2
2023-06-21,Wednesday,June,2023,Evening,107,17,0.97,84.0,167.1,31,72,10,0,3,19,44,36,6.8
2023-06-22,Thursday,June,2023,Night,142,16,1.37,63.5,119.2,42,98,15,0,3,28,60,51,7.2
2023-06-23,Friday,June,2023,Night,145,19,1.17,80.8,114.4,45,98,15,0,3,25,59,43,6.2
2023-06-24,Saturday,June,2023,Day,76,16,0.73,42.5,52.4,14,43,5,14,3,12,31,24,7.4
2023-06-25,Sunday,June,2023,Night,75,20,0.58,33.8,63.6,12,45,3,15,1,13,33,26,6.7
2023-06-26,Monday,June,2023,Night,143,19,1.16,69.7,118.4,39,86,12,6,4,24,63,50,6.4
2023-06-27,Tuesday,June,2023,Evening,131,22,0.92,51.0,105.4,27,84,7,13,3,22,55,39,6.3
2023-06-28,Wednesday,June,2023,Day,138,20,1.06,61.1,119.3,33,94,13,0,3,29,58,42,7.4
2023-06-29,Thursday,June,2023,Day,110,18,0.94,67.1,116.5,33,55,7,15,2,23,49,35,6.2
2023-06-30,Friday,June,2023,Night,124,10,1.91,124.5,194.3,19,67,15,23,4,22,50,35,6.4
2023-07-01,Saturday,July,2023,Day,96,20,0.74,53.8,54.6,17,56,7,16,4,15,45,29,7.8
2023-07-02,Sunday,July,2023,Day,83,18,0.71,68.4,116.6,17,42,6,18,3,16,35,30,7.1
2023-07-03,Monday,July,2023,Day,151,11,2.11,88.6,194.8,48,85,21,0,5,25,65,54,7.1
2023-07-04,Tuesday,July,2023,Night,128,13,1.51,73.5,134.7,33,85,15,0,5,19,51,38,7.2
2023-07-05,Wednesday,July,2023,Evening,116,20,0.89,61.2,89.4,25,79,6,6,4,19,52,35,6.3
2023-07-06,Thursday,July,2023,Day,101,11,1.41,86.4,211.0,29,63,11,0,2,20,48,29,6.0
2023-07-07,Friday,July,2023,Night,107,21,0.78,43.2,65.7,19,66,6,16,4,23,45,40,7.7
2023-07-08,Saturday,July,2023,Day,73,20,0.56,31.2,72.5,15,49,4,5,3,12,30,21,6.6
2023-07-09,Sunday,July,2023,Evening,79,19,0.64,42.1,37.1,24,41,5,9,2,12,35,25,7.4
2023-07-10,Monday,July,2023,Night,140,23,0.94,62.9,117.5,36,72,9,23,6,26,61,42,5.4
2023-07-11,Tuesday,July,2023,Night,112,22,0.78,64.1,110.7,17,66,6,23,4,18,50,39,6.7
2023-07-12,Wednesday,July,2023,Night,140,22,0.98,84.4,158.9,38,95,9,0,4,24,68,42,6.3
2023-07-13,Thursday,July,2023,Night,118,22,0.83,36.2,59.3,32,67,9,10,5,21,56,36,8.2
2023-07-14,Friday,July,2023,Evening,134,22,0.94,73.1,98.0,27,83,9,15,5,28,54,42,6.4
2023-07-15,Saturday,July,2023,Day,84,19,0.68,47.5,108.8,25,49,3,7,3,14,33,28,7.3
2023-07-16,Sunday,July,2023,Evening,62,20,0.48,31.7,70.1,12,43,2,5,2,12,26,18,7.6
2023-07-17,Monday,July,2023,Day,157,20,1.21,60.4,41.4,32,92,14,19,5,32,74,46,6.8
2023-07-18,Tuesday,July,2023,Day,111,23,0.74,59.7,80.4,28,61,8,14,3,18,51,40,6.8
2023-07-19,Wednesday,July,2023,Evening,116,21,0.85,55.3,111.3,34,65,8,9,3,20,50,39,8.5
2023-07-20,Thursday,July,2023,Evening,133,21,0.97,74.1,109.8,39,69,8,17,5,25,62,44,6.2
2023-07-21,Friday,July,2023,Day,127,21,0.93,55.7,118.4,37,64,10,16,4,27,55,41,6.5
2023-07-22,Saturday,July,2023,Evening,73,20,0.56,41.4,63.9,22,37,5,9,1,11,33,22,8.9
2023-07-23,Sunday,July,2023,Day,69,23,0.46,50.7,120.8,18,48,2,1,1,11,32,23,8.1
2023-07-24,Monday,July,2023,Day,142,22,0.99,55.8,105.1,38,95,9,0,5,29,70,47,6.3
2023-07-25,Tuesday,July,2023,Evening,126,18,1.08,50.7,66.9,22,90,10,4,5,27,57,45,7.2
2023-07-26,Wednesday,July,2023,Evening,109,22,0.76,41.9,86.3,29,71,8,1,4,17,43,33,7.7
2023-07-27,Thursday,July,2023,Evening,121,12,1.55,76.9,163.5,19,62,11,29,4,20,56,43,8.1
2023-07-28,Friday,July,2023,Evening,116,18,0.99,74.5,175.6,24,74,9,9,3,24,46,36,7.0
2023-07-29,Saturday,July,2023,Night,84,18,0.72,46.2,97.6,16,44,5,19,2,12,36,27,7.5
2023-07-30,Sunday,July,2023,Night,77,15,0.79,48.4,104.9,20,45,5,7,1,14,35,26,7.6
2023-07-31,Monday,July,2023,Night,114,21,0.84,50.3,120.8,33,71,7,3,4,17,52,42,8.2
2023-08-01,Tuesday,August,2023,Night,108,19,0.87,62.4,103.4,24,68,9,7,2,22,53,32,6.5
2023-08-02,Wednesday,August,2023,Day,117,16,1.12,78.4,130.5,26,75,9,7,4,24,51,35,6.1
2023-08-03,Thursday,August,2023,Evening,120,20,0.92,76.7,153.2,34,75,8,3,3,23,54,35,6.5
2023-08-04,Friday,August,2023,Day,119,21,0.87,53.7,89.4,21,69,6,23,4,21,52,43,7.0
2023-08-05,Saturday,August,2023,Day,70,20,0.54,52.3,81.6,11,35,2,22,3,14,30,20,8.8
2023-08-06,Sunday,August,2023,Evening,60,21,0.44,44.6,107.8,9,30,3,18,1,11,26,16,6.1
2023-08-07,Monday,August,2023,Night,111,20,0.85,44.4,58.3,20,74,8,9,2,18,48,39,6.6
2023-08-08,Tuesday,August,2023,Evening,150,25,0.92,64.8,151.6,31,99,10,10,6,30,72,42,6.5
2023-08-09,Wednesday,August,2023,Evening,117,15,1.2,87.9,139.6,20,62,12,23,3,20,53,39,7.0
2023-08-10,Thursday,August,2023,Night,106,17,0.96,57.7,107.5,20,69,8,9,4,20,47,31,8.2
2023-08-11,Friday,August,2023,Evening,118,16,1.13,78.9,101.5,29,83,8,0,4,21,53,43,5.8
2023-08-12,Saturday,August,2023,Day,90,19,0.73,58.3,111.4,22,48,4,16,2,15,40,30,7.3
2023-08-13,Sunday,August,2023,Evening,62,17,0.56,54.9,136.7,19,31,2,10,2,12,30,23,7.2
2023-08-14,Monday,August,2023,Day,151,21,1.11,66.2,180.1,28,100,14,9,4,24,75,52,6.8
2023-08-15,Tuesday,August,2023,Evening,145,14,1.59,91.7,167.9,35,79,16,15,6,24,63,44,5.4
2023-08-16,Wednesday,August,2023,Day,123,15,1.26,79.1,126.3,25,63,11,24,3,21,59,45,6.7
2023-08-17,Thursday,August,2023,Night,118,18,1.01,64.4,143.8,30,72,7,9,2,25,51,40,7.6
2023-08-18,Friday,August,2023,Evening,141,18,1.21,75.3,129.2,42,75,10,14,4,29,61,41,7.1
2023-08-19,Saturday,August,2023,Night,83,20,0.64,51.3,110.0,13,56,5,9,3,13,36,30,6.7
2023-08-20,Sunday,August,2023,Night,90,22,0.63,59.7,91.5,15,45,5,25,2,15,39,29,8.0
2023-08-21,Monday,August,2023,Evening,129,13,1.53,83.5,148.8,28,76,15,10,4,23,54,45,6.6
2023-08-22,Tuesday,August,2023,Night,128,12,1.64,89.4,130.1,23,64,17,24,5,20,52,36,5.1
2023-08-23,Wednesday,August,2023,Night,154,20,1.18,82.3,146.0,24,110,12,8,4,27,72,50,6.2
2023-08-24,Thursday,August,2023,Day,100,12,1.28,89.3,179.4,24,71,11,0,4,17,40,32,6.6
2023-08-25,Friday,August,2023,Day,108,17,0.98,58.3,72.8,23,62,10,13,2,23,43,33,7.1
2023-08-26,Saturday,August,2023,Night,75,21,0.55,43.3,70.7,12,53,3,7,1,15,30,24,8.6
2023-08-27,Sunday,August,2023,Evening,110,18,0.94,67.7,64.5,29,59,7,15,4,17,50,31,7.8
2023-08-28,Monday,August,2023,Day,110,20,0.85,56.5,92.3,34,64,8,4,4,17,45,41,7.4
2023-08-29,Tuesday,August,2023,Evening,138,17,1.25,75.3,134.2,29,73,11,25,5,27,60,50,6.0
2023-08-30,Wednesday,August,2023,Day,120,17,1.09,66.0,123.6,30,66,9,15,2,20,49,44,6.7
2023-08-31,Thursday,August,2023,Night,89,20,0.68,61.8,100.2,26,55,5,3,2,15,42,27,6.7
2023-09-01,Friday,September,2023,Day,137,19,1.11,61.4,94.7,42,81,11,3,6,26,65,49,6.4
2023-09-02,Saturday,September,2023,Evening,96,12,1.23,84.4,189.0,20,49,8,19,2,18,40,34,5.8
2023-09-03,Sunday,September,2023,Evening,70,23,0.47,58.3,114.9,16,48,3,3,1,12,28,21,7.5
2023-09-04,Monday,September,2023,Evening,142,21,1.04,71.6,123.1,38,95,14,0,3,30,58,44,5.3
2023-09-05,Tuesday,September,2023,Evening,130,21,0.95,68.5,117.7,23,77,8,22,4,25,54,39,7.1
2023-09-06,Wednesday,September,2023,Evening,113,20,0.87,68.9,132.2,21,57,9,26,4,21,47,35,6.5
2023-09-07,Thursday,September,2023,Evening,162,18,1.38,75.6,175.9,37,99,15,11,4,33,67,46,7.6
2023-09-08,Friday,September,2023,Day,120,20,0.92,68.8,135.4,33,60,8,19,4,24,53,34,7.2
2023-09-09,Saturday,September,2023,Day,99,19,0.8,37.2,48.8,18,60,7,14,3,15,39,28,8.3
2023-09-10,Sunday,September,2023,Day,68,22,0.48,40.2,65.5,16,38,2,12,2,14,33,24,7.6
2023-09-11,Monday,September,2023,Evening,129,18,1.1,91.9,166.3,20,78,13,18,4,21,56,47,5.8
2023-09-12,Tuesday,September,2023,Night,114,22,0.8,59.5,108.7,28,76,7,3,4,18,49,34,7.3
2023-09-13,Wednesday,September,2023,Night,135,21,0.99,59.4,89.6,27,81,8,19,3,21,56,48,7.2
2023-09-14,Thursday,September,2023,Day,97,19,0.79,61.4,114.2,20,66,5,6,4,16,42,33,7.1
2023-09-15,Friday,September,2023,Evening,153,20,1.18,77.1,157.9,48,89,15,1,7,24,75,46,7.1
2023-09-16,Saturday,September,2023,Night,84,17,0.76,49.3,83.9,14,48,5,17,2,16,39,27,7.5
2023-09-17,Sunday,September,2023,Night,77,18,0.66,56.1,118.5,20,48,5,4,2,14,33,29,7.2
2023-09-18,Monday,September,2023,Evening,155,18,1.32,75.6,163.5,37,79,18,21,7,26,64,45,5.2
2023-09-19,Tuesday,September,2023,Evening,123,20,0.95,66.2,115.0,22,85,9,7,6,18,50,43,7.1
2023-09-20,Wednesday,September,2023,Evening,100,19,0.81,54.1,120.2,23,58,8,11,4,21,45,32,7.1
2023-09-21,Thursday,September,2023,Evening,128,21,0.94,65.4,146.0,20,68,9,31,3,22,52,39,6.4
2023-09-22,Friday,September,2023,Evening,164,21,1.2,78.2,131.9,37,107,16,4,4,35,79,54,7.8
2023-09-23,Saturday,September,2023,Night,92,13,1.09,86.6,140.2,19,53,7,13,3,18,42,28,6.5
2023-09-24,Sunday,September,2023,Evening,71,16,0.68,29.3,75.6,17,48,3,3,2,12,29,23,8.9
2023-09-25,Monday,September,2023,Day,123,11,1.72,101.9,190.3,32,68,16,7,2,21,53,38,4.2
2023-09-26,Tuesday,September,2023,Evening,116,17,1.05,82.6,143.1,29,60,10,17,3,24,46,42,6.4
2023-09-27,Wednesday,September,2023,Day,106,18,0.91,52.5,63.7,19,62,8,17,3,18,52,39,6.8
2023-09-28,Thursday,September,2023,Evening,104,17,0.94,67.9,121.1,27,59,6,12,4,17,50,32,5.6
2023-09-29,Friday,September,2023,Night,130,14,1.43,88.3,145.7,29,74,14,13,4,25,58,37,6.4
2023-09-30,Saturday,September,2023,Night,80,20,0.62,36.2,75.6,23,52,3,2,1,15,38,27,8.4
2023-10-01,Sunday,October,2023,Day,77,21,0.56,42.1,49.9,20,51,3,3,1,16,34,25,7.8
2023-10-02,Monday,October,2023,Evening,141,20,1.08,58.0,90.3,43,89,13,0,3,27,61,53,6.7
2023-10-03,Tuesday,October,2023,Night,139,14,1.53,105.9,173.4,36,73,16,14,6,25,56,43,6.2
2023-10-04,Wednesday,October,2023,Evening,125,19,1.01,62.2,137.0,20,89,9,7,4,25,53,38,5.4
2023-10-05,Thursday,October,2023,Night,93,14,1.02,67.2,126.9,26,51,7,9,4,15,42,27,6.4
2023-10-06,Friday,October,2023,Night,127,19,1.03,68.7,124.7,23,68,8,28,2,19,58,45,6.8
2023-10-07,Saturday,October,2023,Night,89,18,0.76,68.7,123.9,15,47,6,21,4,17,37,25,5.9
2023-10-08,Sunday,October,2023,Day,81,21,0.59,47.1,89.1,20,46,5,10,3,13,34,26,7.6
2023-10-09,Monday,October,2023,Day,129,13,1.53,92.0,167.8,34,81,15,0,4,23,64,39,5.6
2023-10-10,Tuesday,October,2023,Day,126,20,0.97,72.9,140.8,22,89,9,6,3,21,51,37,6.7
2023-10-11,Wednesday,October,2023,Evening,123,20,0.95,61.2,121.6,32,76,10,5,4,20,49,40,7.8
2023-10-12,Thursday,October,2023,Evening,134,14,1.47,90.4,202.0,22,90,16,6,4,23,63,50,7.0
2023-10-13,Friday,October,2023,Day,147,17,1.33,81.1,201.3,28,96,11,12,5,23,70,44,6.9
2023-10-14,Saturday,October,2023,Night,94,19,0.76,55.6,92.3,29,65,6,0,4,15,40,27,6.9
2023-10-15,Sunday,October,2023,Evening,69,12,0.88,56.6,90.1,11,35,3,20,3,12,33,22,7.8
2023-10-16,Monday,October,2023,Evening,126,22,0.88,58.6,107.6,36,74,10,6,4,24,55,37,7.8
2023-10-17,Tuesday,October,2023,Evening,133,20,1.02,57.4,135.3,23,66,8,36,4,24,53,42,6.8
2023-10-18,Wednesday,October,2023,Evening,133,21,0.97,63.9,106.7,29,74,12,18,3,25,57,50,6.5
2023-10-19,Thursday,October,2023,Evening,116,23,0.78,51.7,52.2,35,66,9,6,4,21,47,36,7.2
2023-10-20,Friday,October,2023,Evening,114,18,0.97,63.8,122.4,27,59,11,17,2,24,47,39,6.1
2023-10-21,Saturday,October,2023,Day,93,14,1.02,70.7,151.8,24,50,6,13,3,15,37,34,6.2
2023-10-22,Sunday,October,2023,Night,76,19,0.62,47.0,93.5,15,44,5,12,2,15,34,28,7.2
2023-10-23,Monday,October,2023,Evening,163,22,1.14,81.9,173.2,25,86,14,38,6,24,80,46,6.2
2023-10-24,Tuesday,October,2023,Day,123,20,0.95,38.0,112.5,19,80,9,15,4,19,59,41,7.8
2023-10-25,Wednesday,October,2023,Evening,149,23,1.0,65.1,135.0,33,99,9,8,5,23,65,54,7.2
2023-10-26,Thursday,October,2023,Night,106,21,0.78,60.0,88.7,30,58,7,11,2,22,48,31,7.6
2023-10-27,Friday,October,2023,Evening,130,18,1.11,78.4,181.9,31,76,13,10,4,23,63,47,6.4
2023-10-28,Saturday,October,2023,Day,88,16,0.85,52.0,80.5,27,49,5,7,2,16,40,27,6.0
2023-10-29,Sunday,October,2023,Evening,92,19,0.74,50.5,111.6,19,57,4,12,1,19,38,33,7.1
2023-10-30,Monday,October,2023,Day,125,19,1.01,65.4,119.1,24,81,10,10,2,27,60,44,6.6
2023-10-31,Tuesday,October,2023,Day,115,20,0.88,48.8,89.6,29,77,8,1,2,24,55,34,7.4
2023-11-01,Wednesday,November,2023,Evening,125,20,0.96,50.1,112.8,22,70,8,25,4,27,50,36,6.5
2023-11-02,Thursday,November,2023,Night,92,18,0.79,66.3,95.2,23,50,4,15,1,18,44,28,6.1
2023-11-03,Friday,November,2023,Evening,123,13,1.46,86.8,168.8,22,63,14,24,2,26,52,38,6.6
2023-11-04,Saturday,November,2023,Evening,88,19,0.71,47.8,90.7,18,46,6,18,2,15,36,30,6.8
2023-11-05,Sunday,November,2023,Evening,114,10,1.75,97.3,180.8,29,73,15,0,4,21,47,41,5.8
2023-11-06,Monday,November,2023,Night,138,18,1.18,62.9,149.3,40,75,10,13,3,30,66,45,7.7
2023-11-07,Tuesday,November,2023,Evening,130,14,1.43,90.8,201.7,25,75,15,15,5,25,54,43,6.3
2023-11-08,Wednesday,November,2023,Evening,145,19,1.17,81.2,126.9,39,82,14,10,5,29,63,47,6.1
2023-11-09,Thursday,November,2023,Evening,113,18,0.97,59.0,107.8,30,70,9,4,4,19,46,33,7.2
2023-11-10,Friday,November,2023,Evening,131,19,1.06,77.1,147.4,29,73,9,20,5,27,57,37,6.1
2023-11-11,Saturday,November,2023,Evening,133,18,1.14,80.1,155.7,41,86,9,0,4,25,57,39,5.2
2023-11-12,Sunday,November,2023,Evening,78,13,0.92,55.2,98.9,24,54,6,0,1,13,34,26,7.6
2023-11-13,Monday,November,2023,Night,127,18,1.09,73.6,91.3,28,87,11,1,2,26,54,39,6.4
2023-11-14,Tuesday,November,2023,Evening,145,20,1.12,61.0,124.5,40,88,15,2,3,24,64,42,6.9
2023-11-15,Wednesday,November,2023,Day,120,13,1.42,106.0,202.4,29,63,10,18,5,18,55,40,4.2
2023-11-16,Thursday,November,2023,Evening,107,14,1.18,72.9,97.9,16,61,8,22,5,18,51,30,7.8
2023-11-17,Friday,November,2023,Day,141,21,1.03,69.5,126.1,33,74,12,22,3,25,69,44,8.4
2023-11-18,Saturday,November,2023,Day,91,19,0.74,46.1,68.2,17,61,4,9,3,13,37,32,7.5
2023-11-19,Sunday,November,2023,Day,86,19,0.7,56.0,121.8,25,56,6,0,3,14,34,32,6.9
2023-11-20,Monday,November,2023,Evening,120,13,1.42,104.4,154.8,31,83,12,0,3,24,59,36,5.3
2023-11-21,Tuesday,November,2023,Evening,130,17,1.18,89.8,148.2,36,85,11,0,3,22,61,43,5.3
2023-11-22,Wednesday,November,2023,Day,120,18,1.03,65.6,117.1,31,70,9,10,3,24,53,37,7.0
2023-11-23,Thursday,November,2023,Day,121,18,1.03,82.4,206.7,25,81,10,5,5,24,51,34,6.8
2023-11-24,Friday,November,2023,Evening,105,20,0.81,32.1,116.0,30,56,8,11,3,20,46,30,7.3
2023-11-25,Saturday,November,2023,Night,95,21,0.7,58.8,114.7,22,66,4,3,3,19,38,34,7.7
2023-11-26,Sunday,November,2023,Night,66,19,0.53,36.5,29.8,13,43,4,6,1,13,27,19,9.3
2023-11-27,Monday,November,2023,Day,122,20,0.94,80.1,140.7,36,69,10,7,5,20,57,43,6.8
2023-11-28,Tuesday,November,2023,Evening,136,15,1.39,80.4,132.6,31,92,16,0,5,28,55,41,5.7
2023-11-29,Wednesday,November,2023,Day,138,18,1.18,75.2,101.8,40,81,13,4,6,28,61,41,6.3
2023-11-30,Thursday,November,2023,Day,110,18,0.94,58.6,148.1,25,79,9,0,5,19,47,36,7.3
2023-12-01,Friday,December,2023,Day,117,22,0.82,56.1,70.9,20,65,9,23,2,24,54,34,7.5
2023-12-02,Saturday,December,2023,Night,109,19,0.88,57.2,65.1,29,75,9,0,4,20,52,33,7.2
2023-12-03,Sunday,December,2023,Day,83,18,0.71,44.4,74.5,18,56,5,4,3,12,33,29,6.3
2023-12-04,Monday,December,2023,Evening,143,18,1.22,100.3,230.4,26,78,14,25,6,22,64,53,5.2
2023-12-05,Tuesday,December,2023,Day,152,13,1.8,111.5,176.3,38,78,17,19,7,29,61,56,6.0
2023-12-06,Wednesday,December,2023,Evening,151,17,1.37,70.8,136.6,38,86,17,10,3,24,72,46,6.7
2023-12-07,Thursday,December,2023,Night,130,12,1.67,78.4,137.7,29,90,17,0,5,19,56,41,6.3
2023-12-08,Friday,December,2023,Day,117,15,1.2,74.5,152.4,25,83,9,0,3,18,51,43,7.4
2023-12-09,Saturday,December,2023,Night,118,23,0.79,64.8,146.3,24,61,7,26,4,20,56,43,5.5
2023-12-10,Sunday,December,2023,Day,90,19,0.73,60.9,88.8,20,45,6,19,3,17,42,33,8.2
2023-12-11,Monday,December,2023,Evening,178,17,1.61,113.7,183.9,32,112,17,17,7,37,84,50,6.0
2023-12-12,Tuesday,December,2023,Night,158,15,1.62,93.2,166.0,48,99,19,0,4,30,63,47,5.8
2023-12-13,Wednesday,December,2023,Day,140,21,1.03,56.0,100.0,27,75,11,27,4,28,63,50,6.9
2023-12-14,Thursday,December,2023,Night,147,12,1.88,100.8,137.3,36,92,19,0,4,26,66,50,6.3
2023-12-15,Friday,December,2023,Day,156,22,1.09,71.7,133.3,48,94,13,1,7,33,77,51,6.8
2023-12-16,Saturday,December,2023,Day,94,19,0.76,50.3,62.3,24,48,6,16,3,18,42,33,6.0
2023-12-17,Sunday,December,2023,Evening,81,24,0.52,32.6,69.8,13,56,4,8,3,12,34,29,7.8
2023-12-18,Monday,December,2023,Day,162,18,1.38,76.0,122.7,44,113,16,0,5,34,77,46,7.2
2023-12-19,Tuesday,December,2023,Day,171,20,1.32,70.8,119.3,35,121,15,0,5,34,83,58,8.1
2023-12-20,Wednesday,December,2023,Day,162,19,1.31,85.5,155.7,36,103,17,6,7,34,69,58,6.6
2023-12-21,Thursday,December,2023,Night,125,23,0.84,68.1,124.9,37,75,7,6,3,25,51,40,6.7
2023-12-22,Friday,December,2023,Evening,141,16,1.36,87.9,144.7,33,89,14,5,4,22,67,47,7.0
2023-12-23,Saturday,December,2023,Evening,109,19,0.88,55.4,84.1,23,73,7,6,2,21,49,38,6.8
2023-12-24,Sunday,December,2023,Evening,104,18,0.89,63.3,135.9,15,62,5,22,3,19,47,38,7.4
2023-12-25,Monday,December,2023,Evening,175,16,1.68,99.8,209.3,51,122,19,0,3,26,82,56,5.4
2023-12-26,Tuesday,December,2023,Day,149,21,1.09,46.4,98.0,33,103,11,2,6,28,68,42,7.6
2023-12-27,Wednesday,December,2023,Evening,118,26,0.7,61.0,109.9,19,71,5,23,2,21,50,43,5.4
2023-12-28,Thursday,December,2023,Evening,133,19,1.08,72.1,115.1,21,95,8,9,4,28,56,44,5.6
2023-12-29,Friday,December,2023,Evening,123,18,1.05,50.1,112.6,38,75,9,1,5,21,57,40,8.0
2023-12-30,Saturday,December,2023,Night,101,15,1.04,61.3,155.7,18,67,10,6,2,21,47,32,6.8
2023-12-31,Sunday,December,2023,Evening,86,19,0.7,49.8,110.2,14,54,4,14,3,13,38,25,7.5
2024-01-01,Monday,January,2024,Day,193,12,2.47,119.6,212.7,55,119,28,0,4,41,90,58,5.0
2024-01-02,Tuesday,January,2024,Day,153,16,1.47,79.0,180.5,29,104,16,4,3,30,64,53,5.1
2024-01-03,Wednesday,January,2024,Night,146,20,1.12,71.8,134.5,26,79,9,32,3,24,62,42,5.4
2024-01-04,Thursday,January,2024,Night,130,17,1.18,80.4,101.8,31,77,10,12,4,23,54,39,7.0
2024-01-05,Friday,January,2024,Evening,173,20,1.33,76.4,118.0,50,87,19,17,5,31,80,48,7.2
2024-01-06,Saturday,January,2024,Evening,113,19,0.91,53.3,151.3,28,76,6,3,5,17,46,41,6.1
2024-01-07,Sunday,January,2024,Day,90,13,1.07,57.8,113.4,26,64,5,0,3,18,38,27,7.3
2024-01-08,Monday,January,2024,Evening,170,25,1.05,75.2,177.5,44,94,11,21,7,33,81,53,6.3
2024-01-09,Tuesday,January,2024,Evening,143,13,1.69,80.8,109.5,41,93,19,0,5,26,66,46,6.9
2024-01-10,Wednesday,January,2024,Evening,144,21,1.05,60.2,164.2,44,73,13,14,3,29,57,42,7.0
2024-01-11,Thursday,January,2024,Day,163,19,1.32,77.2,162.1,36,107,16,4,4,34,77,60,6.7
2024-01-12,Friday,January,2024,Day,199,21,1.46,85.4,181.0,36,126,20,17,9,35,84,64,5.7
2024-01-13,Saturday,January,2024,Night,124,17,1.12,62.1,166.7,37,74,12,1,4,23,53,46,7.1
2024-01-14,Sunday,January,2024,Evening,90,18,0.77,48.3,43.2,16,58,6,10,1,14,36,32,7.0
2024-01-15,Monday,January,2024,Evening,187,17,1.69,98.5,190.6,39,104,23,21,8,32,89,62,6.8
2024-01-16,Tuesday,January,2024,Night,171,13,2.02,114.1,221.8,28,114,25,4,3,36,72,58,4.3
2024-01-17,Wednesday,January,2024,Night,157,17,1.42,107.1,190.2,24,79,16,38,5,32,63,49,6.3
2024-01-18,Thursday,January,2024,Day,120,14,1.32,83.8,138.8,19,71,13,17,2,24,49,41,7.4
2024-01-19,Friday,January,2024,Evening,173,25,1.06,66.6,160.7,30,114,13,16,4,34,71,55,6.2
2024-01-20,Saturday,January,2024,Evening,99,20,0.76,60.4,142.4,19,57,4,19,2,17,42,27,7.1
2024-01-21,Sunday,January,2024,Evening,101,23,0.68,64.3,96.7,21,71,4,5,3,16,44,34,7.4
2024-01-22,Monday,January,2024,Evening,198,19,1.6,73.1,108.2,53,136,21,0,5,42,97,66,5.6
2024-01-23,Tuesday,January,2024,Night,153,19,1.24,99.3,154.6,28,90,12,23,3,27,70,53,5.7
2024-01-24,Wednesday,January,2024,Day,151,18,1.29,94.5,182.2,25,75,13,38,5,27,66,45,6.5
2024-01-25,Thursday,January,2024,Day,117,10,1.8,99.3,218.8,30,68,15,4,2,21,53,43,7.0
2024-01-26,Friday,January,2024,Night,132,16,1.27,80.5,146.0,30,90,13,0,4,21,56,47,5.1
2024-01-27,Saturday,January,2024,Day,138,19,1.12,88.2,145.2,20,76,13,29,3,24,64,48,6.1
2024-01-28,Sunday,January,2024,Evening,100,21,0.73,59.7,113.6,25,57,5,13,3,18,43,34,7.1
2024-01-29,Monday,January,2024,Night,174,17,1.57,95.2,149.4,52,107,21,0,4,26,84,54,5.9
2024-01-30,Tuesday,January,2024,Evening,155,12,1.99,118.4,261.1,36,82,23,14,4,25,72,46,5.5
2024-01-31,Wednesday,January,2024,Evening,162,21,1.19,74.9,105.7,27,90,12,33,7,25,76,56,5.7
2024-02-01,Thursday,February,2024,Night,172,22,1.2,94.9,141.3,45,115,15,0,6,35,82,55,5.2
2024-02-02,Friday,February,2024,Night,159,24,1.02,50.8,90.2,45,82,11,21,4,34,79,48,7.2
2024-02-03,Saturday,February,2024,Day,98,20,0.75,66.7,131.1,20,54,6,18,4,15,48,27,8.3
2024-02-04,Sunday,February,2024,Evening,91,21,0.67,68.0,124.4,23,57,4,7,2,14,38,26,7.2
2024-02-05,Monday,February,2024,Evening,201,10,3.09,158.9,276.7,58,144,30,0,8,40,90,62,2.6
2024-02-06,Tuesday,February,2024,Day,174,20,1.34,64.9,139.0,29,112,15,18,4,37,84,52,5.9
2024-02-07,Wednesday,February,2024,Day,183,22,1.28,75.6,139.3,31,119,18,15,5,39,79,55,6.8
2024-02-08,Thursday,February,2024,Evening,127,19,1.03,57.6,105.4,27,73,8,19,4,20,61,45,5.3
2024-02-09,Friday,February,2024,Day,161,18,1.38,67.0,132.5,38,93,18,12,5,27,75,49,5.7
2024-02-10,Saturday,February,2024,Evening,103,17,0.93,63.6,89.8,18,68,5,12,3,19,46,32,6.6
2024-02-11,Sunday,February,2024,Evening,98,19,0.79,55.6,83.9,18,58,7,15,4,20,45,28,6.6
2024-02-12,Monday,February,2024,Night,152,20,1.17,59.3,134.8,29,108,14,1,3,24,72,42,6.9
2024-02-13,Tuesday,February,2024,Night,181,22,1.27,78.1,208.5,42,107,16,16,6,27,73,59,7.0
2024-02-14,Wednesday,February,2024,Day,146,16,1.4,80.9,144.1,39,79,12,16,3,25,64,48,6.9
2024-02-15,Thursday,February,2024,Night,122,16,1.17,85.5,166.4,21,79,9,13,2,26,59,39,5.6
2024-02-16,Friday,February,2024,Evening,179,19,1.45,94.0,202.5,51,111,16,1,8,36,86,50,5.7
2024-02-17,Saturday,February,2024,Night,122,17,1.1,60.1,97.7,35,64,9,14,4,25,56,35,7.8
2024-02-18,Sunday,February,2024,Night,83,14,0.91,68.0,77.5,19,44,6,14,2,15,41,26,8.0
2024-02-19,Monday,February,2024,Day,179,21,1.31,90.1,192.3,42,126,18,0,3,29,80,56,4.4
2024-02-20,Tuesday,February,2024,Day,227,23,1.52,94.7,168.1,56,126,22,23,5,38,93,85,6.1
2024-02-21,Wednesday,February,2024,Evening,131,18,1.12,77.2,85.1,33,77,10,11,3,25,59,47,6.9
2024-02-22,Thursday,February,2024,Night,137,17,1.24,80.2,102.9,42,78,15,2,3,28,68,41,7.4
2024-02-23,Friday,February,2024,Night,143,19,1.16,75.9,153.3,37,101,9,0,5,29,58,47,6.6
2024-02-24,Saturday,February,2024,Day,114,12,1.46,68.6,150.2,20,64,11,19,3,24,47,40,6.9
2024-02-25,Sunday,February,2024,Evening,92,18,0.79,49.4,106.1,28,64,6,0,2,16,41,25,7.3
2024-02-26,Monday,February,2024,Night,176,22,1.23,78.6,122.0,30,122,16,8,6,34,84,60,6.7
2024-02-27,Tuesday,February,2024,Night,171,17,1.55,103.2,170.6,37,111,16,7,4,36,79,62,6.5
2024-02-28,Wednesday,February,2024,Day,169,20,1.3,83.4,127.7,50,87,17,15,5,26,72,60,5.6
2024-02-29,Thursday,February,2024,Day,155,22,1.08,76.3,123.9,33,108,14,0,5,30,68,54,7.7
2024-03-01,Friday,March,2024,Night,129,24,0.83,52.7,127.9,41,67,7,14,6,20,51,38,7.2
2024-03-02,Saturday,March,2024,Evening,96,16,0.92,66.9,134.7,14,56,6,20,3,18,46,30,7.2
2024-03-03,Sunday,March,2024,Evening,72,21,0.53,31.7,44.8,13,45,3,11,2,11,29,26,7.2
2024-03-04,Monday,March,2024,Evening,115,25,0.71,50.1,89.2,35,60,7,13,4,18,46,41,6.8
2024-03-05,Tuesday,March,2024,Evening,116,19,0.94,64.0,141.8,22,58,8,28,5,22,51,39,6.3
2024-03-06,Wednesday,March,2024,Night,122,18,1.04,65.4,131.3,35,68,10,9,4,24,59,40,7.5
2024-03-07,Thursday,March,2024,Evening,102,19,0.83,53.3,61.0,18,67,6,11,3,22,44,29,6.7
2024-03-08,Friday,March,2024,Day,119,16,1.14,62.3,98.3,20,62,11,26,5,24,50,37,6.5
2024-03-09,Saturday,March,2024,Day,73,13,0.86,70.0,137.1,15,39,4,15,2,13,36,21,6.9
2024-03-10,Sunday,March,2024,Day,86,18,0.74,56.9,142.2,20,56,4,6,2,17,38,27,7.7
2024-03-11,Monday,March,2024,Day,113,20,0.87,57.7,144.2,24,75,6,8,2,20,54,35,7.5
2024-03-12,Tuesday,March,2024,Evening,135,22,0.94,63.5,83.2,29,75,9,22,6,20,60,45,8.1
2024-03-13,Wednesday,March,2024,Evening,131,18,1.12,65.4,135.5,29,66,13,23,2,25,58,38,7.2
2024-03-14,Thursday,March,2024,Day,112,20,0.86,58.6,145.3,29,64,9,10,5,17,45,35,7.4
2024-03-15,Friday,March,2024,Night,124,18,1.06,73.1,163.9,25,64,9,26,6,22,49,36,7.3
2024-03-16,Saturday,March,2024,Day,76,13,0.9,69.8,163.7,19,48,5,4,1,13,34,27,7.0
2024-03-17,Sunday,March,2024,Day,74,20,0.57,38.7,51.0,12,52,3,7,1,14,34,25,8.0
2024-03-18,Monday,March,2024,Night,122,19,0.99,69.3,154.6,34,85,8,0,2,23,52,38,5.6
2024-03-19,Tuesday,March,2024,Day,136,21,1.0,69.3,143.6,34,90,11,1,3,26,58,39,7.2
2024-03-20,Wednesday,March,2024,Day,113,21,0.83,71.4,162.7,17,73,7,16,3,20,48,37,5.6
2024-03-21,Thursday,March,2024,Day,124,21,0.91,64.6,125.8,29,77,8,10,2,19,52,35,5.7
2024-03-22,Friday,March,2024,Evening,100,17,0.9,61.9,70.8,24,52,9,15,3,20,44,35,5.7
2024-03-23,Saturday,March,2024,Evening,90,18,0.77,58.2,88.2,19,56,7,8,4,16,36,28,7.1
2024-03-24,Sunday,March,2024,Day,108,18,0.92,71.8,138.0,25,65,7,11,5,21,47,35,6.3
2024-03-25,Monday,March,2024,Night,144,20,1.11,74.1,158.9,29,76,11,28,3,27,63,41,6.0
2024-03-26,Tuesday,March,2024,Night,129,19,1.04,84.7,136.2,26,84,8,11,3,25,63,42,5.6
2024-03-27,Wednesday,March,2024,Night,115,16,1.11,73.9,153.8,30,80,9,0,3,22,54,43,7.3
2024-03-28,Thursday,March,2024,Evening,110,21,0.81,56.9,69.5,24,59,9,18,3,19,48,36,8.4
2024-03-29,Friday,March,2024,Day,111,20,0.85,65.0,104.2,33,71,9,0,5,23,53,32,8.1
2024-03-30,Saturday,March,2024,Evening,80,19,0.65,48.4,100.3,17,47,3,13,3,12,39,28,8.3
2024-03-31,Sunday,March,2024,Evening,89,22,0.62,53.9,131.5,27,53,5,4,4,13,40,31,8.5
2024-04-01,Monday,April,2024,Evening,159,19,1.29,85.8,193.2,48,111,14,0,5,25,78,51,6.0
2024-04-02,Tuesday,April,2024,Evening,114,21,0.84,47.5,115.9,26,79,7,2,2,19,46,39,8.2
2024-04-03,Wednesday,April,2024,Day,125,17,1.13,75.4,118.4,33,79,12,1,3,21,53,41,6.5
2024-04-04,Thursday,April,2024,Evening,125,19,1.01,49.0,88.9,34,64,11,16,4,25,55,37,7.4
2024-04-05,Friday,April,2024,Evening,125,13,1.48,94.4,165.0,36,76,14,0,3,21,53,39,5.5
2024-04-06,Saturday,April,2024,Day,94,18,0.8,41.8,64.7,17,66,7,4,2,19,44,33,9.1
2024-04-07,Sunday,April,2024,Night,71,11,0.99,77.2,136.2,20,47,4,0,1,12,34,21,6.7
2024-04-08,Monday,April,2024,Night,139,21,1.02,64.6,108.3,27,84,11,17,6,26,66,41,6.7
2024-04-09,Tuesday,April,2024,Evening,104,21,0.76,64.8,80.0,25,72,8,0,5,22,44,36,6.7
2024-04-10,Wednesday,April,2024,Evening,100,16,0.96,42.3,36.3,17,58,6,19,2,18,41,34,8.1
2024-04-11,Thursday,April,2024,Night,118,20,0.91,67.8,128.4,29,69,10,10,3,24,56,35,6.3
2024-04-12,Friday,April,2024,Evening,120,21,0.88,44.1,75.9,27,61,10,22,3,20,53,41,6.7
2024-04-13,Saturday,April,2024,Day,93,18,0.79,68.4,81.3,25,56,7,5,3,18,45,27,6.8
2024-04-14,Sunday,April,2024,Day,91,21,0.67,50.3,110.3,27,57,3,4,2,15,40,25,7.7
2024-04-15,Monday,April,2024,Evening,138,19,1.12,80.2,131.8,33,97,11,0,3,22,62,45,5.7
2024-04-16,Tuesday,April,2024,Evening,124,19,1.0,54.8,117.1,38,80,7,0,5,19,61,46,6.1
2024-04-17,Wednesday,April,2024,Night,140,19,1.13,63.8,118.6,29,84,11,16,3,30,66,48,6.9
2024-04-18,Thursday,April,2024,Night,103,18,0.88,65.3,108.1,22,59,7,15,3,21,45,29,8.2
2024-04-19,Friday,April,2024,Evening,111,22,0.78,42.9,62.9,19,58,9,25,3,22,50,32,7.3
2024-04-20,Saturday,April,2024,Evening,86,20,0.66,27.8,73.2,24,52,4,6,3,14,42,24,8.7
2024-04-21,Sunday,April,2024,Evening,85,20,0.65,47.3,82.0,18,48,5,14,1,16,36,25,6.8
2024-04-22,Monday,April,2024,Day,142,19,1.15,64.7,133.1,40,87,13,2,4,22,60,42,6.1
2024-04-23,Tuesday,April,2024,Night,146,21,1.07,62.4,77.6,29,96,9,12,4,29,64,43,7.5
2024-04-24,Wednesday,April,2024,Day,134,18,1.15,65.6,118.4,32,80,10,12,4,27,66,43,6.5
2024-04-25,Thursday,April,2024,Evening,110,16,1.06,72.8,132.7,29,74,8,0,2,23,46,33,5.2
2024-04-26,Friday,April,2024,Day,113,18,0.97,63.9,136.4,19,80,10,4,2,17,46,40,7.5
2024-04-27,Saturday,April,2024,Day,95,23,0.64,37.4,91.9,27,53,3,12,3,19,40,29,7.7
2024-04-28,Sunday,April,2024,Day,97,21,0.71,59.1,122.9,25,64,7,1,4,16,40,31,7.3
2024-04-29,Monday,April,2024,Day,143,16,1.38,87.3,192.2,23,78,14,28,5,27,70,49,5.8
2024-04-30,Tuesday,April,2024,Night,179,20,1.38,81.2,181.3,56,110,15,0,4,36,88,62,7.3
2024-05-01,Wednesday,May,2024,Night,117,22,0.82,59.2,93.2,27,72,9,9,2,25,48,32,6.4
2024-05-02,Thursday,May,2024,Evening,130,13,1.54,85.9,167.0,38,75,15,2,5,28,52,43,5.5
2024-05-03,Friday,May,2024,Evening,114,16,1.1,82.2,170.4,30,57,9,18,3,18,52,32,5.9
2024-05-04,Saturday,May,2024,Day,88,18,0.75,64.0,141.0,26,59,4,0,3,13,42,30,6.6
2024-05-05,Sunday,May,2024,Night,82,21,0.6,33.7,56.4,25,48,5,4,1,13,33,26,7.3
2024-05-06,Monday,May,2024,Evening,134,24,0.86,76.3,154.8,30,86,11,7,6,20,53,46,6.2
2024-05-07,Tuesday,May,2024,Day,118,20,0.91,52.8,120.0,21,68,9,20,4,22,52,39,7.8
2024-05-08,Wednesday,May,2024,Evening,128,22,0.9,49.6,81.9,29,87,11,1,3,24,55,47,7.3
2024-05-09,Thursday,May,2024,Day,115,19,0.93,59.9,129.0,34,81,8,0,2,22,51,42,6.7
2024-05-10,Friday,May,2024,Day,123,17,1.11,81.1,133.8,18,67,8,30,3,18,60,34,6.3
2024-05-11,Saturday,May,2024,Evening,104,20,0.8,51.3,104.2,31,58,7,8,4,20,44,29,7.1
2024-05-12,Sunday,May,2024,Day,127,18,1.09,68.6,155.7,30,72,9,16,4,21,52,43,6.6
2024-05-13,Monday,May,2024,Evening,139,21,1.02,67.8,109.6,22,99,11,7,2,26,65,44,8.2
2024-05-14,Tuesday,May,2024,Evening,122,21,0.89,57.0,132.7,23,65,11,23,6,21,57,36,7.6
2024-05-15,Wednesday,May,2024,Evening,109,18,0.93,58.0,93.6,18,69,6,16,2,22,48,39,7.4
2024-05-16,Thursday,May,2024,Evening,134,19,1.09,49.3,81.0,33,83,8,10,6,23,61,47,6.9
2024-05-17,Friday,May,2024,Day,143,21,1.05,51.5,76.8,43,97,12,0,6,22,63,44,7.0
2024-05-18,Saturday,May,2024,Evening,90,24,0.58,33.5,43.5,23,59,5,3,2,15,41,29,9.1
2024-05-19,Sunday,May,2024,Day,71,20,0.55,37.8,88.7,19,47,2,3,2,12,29,21,7.9
2024-05-20,Monday,May,2024,Day,121,16,1.16,64.9,125.4,30,68,11,12,4,24,60,37,7.0
2024-05-21,Tuesday,May,2024,Day,126,18,1.08,75.6,130.4,36,79,12,0,4,20,56,39,7.2
2024-05-22,Wednesday,May,2024,Day,135,19,1.09,69.7,152.1,35,95,13,0,4,24,58,43,7.5
2024-05-23,Thursday,May,2024,Day,129,24,0.83,39.7,40.3,39,88,6,0,4,20,58,36,7.7
2024-05-24,Friday,May,2024,Day,119,18,1.02,72.2,167.4,36,65,11,7,5,20,58,33,6.0
2024-05-25,Saturday,May,2024,Evening,92,21,0.67,47.0,48.5,21,63,6,2,2,18,39,29,6.9
2024-05-26,Sunday,May,2024,Evening,64,20,0.49,47.4,101.3,15,38,3,8,1,13,28,18,7.5
2024-05-27,Monday,May,2024,Evening,124,13,1.47,107.4,179.9,31,78,12,3,6,22,51,41,5.4
2024-05-28,Tuesday,May,2024,Evening,146,21,1.07,82.6,137.3,37,90,9,10,5,28,65,48,6.9
2024-05-29,Wednesday,May,2024,Day,102,19,0.83,62.0,117.6,19,57,8,18,3,19,42,33,7.4
2024-05-30,Thursday,May,2024,Evening,126,21,0.92,62.3,121.3,38,73,8,7,4,21,59,44,8.5
2024-05-31,Friday,May,2024,Night,158,18,1.35,67.1,112.7,24,97,15,22,3,27,69,49,7.1
2024-06-01,Saturday,June,2024,Evening,93,20,0.72,58.1,101.1,21,53,4,15,4,15,37,33,7.1
2024-06-02,Sunday,June,2024,Evening,88,17,0.8,54.5,68.0,21,55,5,7,2,16,41,27,8.0
2024-06-03,Monday,June,2024,Evening,115,18,0.98,60.1,130.7,27,74,10,4,3,23,52,33,7.8
2024-06-04,Tuesday,June,2024,Evening,142,20,1.09,66.9,105.7,23,90,13,16,6,29,61,42,7.0
2024-06-05,Wednesday,June,2024,Evening,117,20,0.9,58.1,118.9,18,76,10,13,5,22,54,42,7.0
2024-06-06,Thursday,June,2024,Evening,120,14,1.32,89.9,205.8,19,83,13,5,3,20,58,42,6.3
2024-06-07,Friday,June,2024,Night,106,19,0.86,60.2,102.2,27,73,8,0,3,21,43,33,6.7
2024-06-08,Saturday,June,2024,Day,95,19,0.77,64.1,128.7,17,58,6,14,2,20,42,33,6.3
2024-06-09,Sunday,June,2024,Evening,76,12,0.97,66.6,108.0,16,53,5,2,2,14,33,21,7.6
2024-06-10,Monday,June,2024,Day,143,21,1.05,69.7,101.1,21,95,13,14,4,31,60,50,5.9
2024-06-11,Tuesday,June,2024,Day,121,20,0.93,62.1,104.7,38,73,10,0,3,21,50,45,7.1
2024-06-12,Wednesday,June,2024,Day,112,24,0.72,55.2,109.6,35,56,6,15,3,23,52,35,7.8
2024-06-13,Thursday,June,2024,Day,97,17,0.88,74.6,119.6,27,58,5,7,2,19,41,32,6.1
2024-06-14,Friday,June,2024,Evening,132,19,1.07,75.8,190.1,23,84,9,16,2,23,62,39,5.9
2024-06-15,Saturday,June,2024,Evening,93,22,0.65,31.4,35.0,17,46,4,26,4,15,46,30,7.9
2024-06-16,Sunday,June,2024,Night,82,22,0.57,47.8,79.6,17,47,5,13,1,17,40,23,7.3
2024-06-17,Monday,June,2024,Evening,136,18,1.16,73.4,165.7,40,88,10,0,4,20,67,39,7.8
2024-06-18,Tuesday,June,2024,Evening,110,16,1.06,65.4,108.5,27,76,9,0,5,18,45,40,7.7
2024-06-19,Wednesday,June,2024,Evening,133,19,1.08,65.5,143.6,35,70,12,16,6,23,54,43,5.7
2024-06-20,Thursday,June,2024,Night,115,20,0.88,63.0,143.0,35,65,8,7,3,17,50,39,6.3
2024-06-21,Friday,June,2024,Day,104,20,0.8,56.5,79.7,26,55,5,18,2,17,46,35,7.9
2024-06-22,Saturday,June,2024,Day,93,18,0.79,51.6,121.1,27,48,4,14,3,17,40,26,9.1
2024-06-23,Sunday,June,2024,Day,82,19,0.66,40.1,83.5,18,44,6,14,1,12,37,28,7.3
2024-06-24,Monday,June,2024,Night,120,13,1.42,71.1,124.8,35,82,12,0,3,22,53,37,7.0
2024-06-25,Tuesday,June,2024,Evening,118,23,0.79,61.2,148.0,32,70,10,6,3,22,55,40,6.2
2024-06-26,Wednesday,June,2024,Day,116,22,0.81,70.3,122.0,35,75,6,0,4,19,47,43,7.6
2024-06-27,Thursday,June,2024,Day,119,24,0.76,42.8,82.0,25,84,8,2,5,21,53,40,7.8
2024-06-28,Friday,June,2024,Evening,123,13,1.46,90.3,181.6,30,80,15,0,2,21,54,36,5.4
2024-06-29,Saturday,June,2024,Day,82,14,0.9,41.7,77.3,24,55,4,0,1,14,36,27,7.8
2024-06-30,Sunday,June,2024,Day,66,19,0.53,38.0,70.8,21,37,3,5,3,12,29,22,8.9
2024-07-01,Monday,July,2024,Day,121,21,0.89,46.7,109.4,33,70,9,9,5,22,51,41,7.3
2024-07-02,Tuesday,July,2024,Day,109,23,0.73,71.5,132.9,30,59,6,14,3,22,52,33,7.2
2024-07-03,Wednesday,July,2024,Day,115,12,1.47,84.3,198.2,17,74,12,12,5,24,46,39,5.7
2024-07-04,Thursday,July,2024,Day,119,20,0.92,54.5,110.4,34,79,8,0,4,18,57,41,6.8
2024-07-05,Friday,July,2024,Night,146,16,1.4,96.1,155.9,41,91,16,0,3,28,62,50,6.0
2024-07-06,Saturday,July,2024,Night,80,18,0.68,53.8,75.1,15,46,5,14,3,13,32,25,7.5
2024-07-07,Sunday,July,2024,Evening,70,20,0.54,31.1,53.2,19,49,3,0,2,15,29,22,7.6
2024-07-08,Monday,July,2024,Night,121,17,1.1,69.0,138.0,22,83,8,8,4,21,52,44,5.8
2024-07-09,Tuesday,July,2024,Evening,140,12,1.79,90.8,154.1,27,79,18,16,5,29,65,42,6.3
2024-07-10,Wednesday,July,2024,Evening,112,20,0.86,44.6,66.2,32,74,6,0,4,19,51,39,7.1
2024-07-11,Thursday,July,2024,Day,100,16,0.96,55.3,70.5,15,51,9,25,4,15,41,33,7.3
2024-07-12,Friday,July,2024,Day,175,20,1.35,78.1,160.2,33,89,20,33,7,26,84,51,6.0
2024-07-13,Saturday,July,2024,Night,83,16,0.8,66.2,94.7,17,57,5,4,4,13,34,30,6.6
2024-07-14,Sunday,July,2024,Evening,65,22,0.45,38.4,78.0,18,38,3,6,2,14,28,24,6.9
2024-07-15,Monday,July,2024,Evening,153,18,1.31,83.6,139.2,34,101,15,3,4,28,61,55,5.8
2024-07-16,Tuesday,July,2024,Evening,115,20,0.88,71.1,125.3,23,71,6,15,5,22,48,38,7.4
2024-07-17,Wednesday,July,2024,Day,103,19,0.83,55.1,90.5,28,63,8,4,4,19,49,32,7.7
2024-07-18,Thursday,July,2024,Evening,87,17,0.79,72.9,132.3,20,61,7,0,2,15,39,31,6.1
2024-07-19,Friday,July,2024,Day,109,21,0.8,51.1,56.0,33,75,6,0,4,18,50,30,6.9
2024-07-20,Saturday,July,2024,Evening,73,23,0.49,35.5,96.5,18,42,3,10,2,12,34,23,7.1
2024-07-21,Sunday,July,2024,Night,75,20,0.58,53.0,108.2,19,43,4,9,3,12,32,23,7.1
2024-07-22,Monday,July,2024,Night,133,22,0.93,63.2,117.7,35,67,8,23,3,27,60,46,7.0
2024-07-23,Tuesday,July,2024,Evening,150,18,1.28,79.4,179.5,43,79,16,12,5,26,67,56,6.9
2024-07-24,Wednesday,July,2024,Evening,138,21,1.01,76.2,162.1,23,94,10,11,6,23,55,45,6.9
2024-07-25,Thursday,July,2024,Day,96,19,0.78,58.0,106.3,25,65,4,2,4,19,44,33,7.3
2024-07-26,Friday,July,2024,Night,128,15,1.31,80.8,158.5,30,67,11,20,6,26,56,45,5.5
2024-07-27,Saturday,July,2024,Day,72,23,0.48,37.3,77.8,22,38,3,9,1,11,29,20,7.8
2024-07-28,Sunday,July,2024,Night,71,12,0.91,61.8,123.8,18,45,5,3,2,14,30,20,7.1
2024-07-29,Monday,July,2024,Day,109,19,0.88,61.9,105.4,33,78,7,0,4,23,50,39,7.6
2024-07-30,Tuesday,July,2024,Day,133,21,0.97,57.7,112.2,20,72,9,32,3,22,59,40,7.6
2024-07-31,Wednesday,July,2024,Day,109,24,0.7,58.2,93.8,24,76,8,1,2,20,44,34,6.3
2024-08-01,Thursday,August,2024,Night,118,22,0.83,49.3,79.6,19,77,7,15,4,22,53,37,6.9
2024-08-02,Friday,August,2024,Day,100,19,0.81,49.0,125.5,25,64,7,4,2,18,43,37,7.1
2024-08-03,Saturday,August,2024,Day,77,20,0.59,45.4,57.4,22,52,5,0,2,12,34,26,8.9
2024-08-04,Sunday,August,2024,Evening,58,20,0.45,40.6,72.2,17,37,2,2,2,11,27,21,7.0
2024-08-05,Monday,August,2024,Day,136,22,0.95,70.2,121.4,25,82,8,21,4,29,67,39,5.9
2024-08-06,Tuesday,August,2024,Night,111,19,0.9,56.5,77.6,34,71,7,0,4,18,48,41,7.9
2024-08-07,Wednesday,August,2024,Evening,108,14,1.19,75.7,137.4,17,58,7,26,5,16,52,39,7.1
2024-08-08,Thursday,August,2024,Night,130,20,1.0,77.9,149.5,39,65,12,14,5,20,53,36,6.9
2024-08-09,Friday,August,2024,Day,140,16,1.35,103.7,197.0,32,76,12,20,5,24,65,39,5.3
2024-08-10,Saturday,August,2024,Evening,76,12,0.97,65.8,88.4,20,50,6,0,2,11,37,25,8.1
2024-08-11,Sunday,August,2024,Day,76,20,0.58,41.9,61.8,20,47,2,7,3,13,31,24,7.4
2024-08-12,Monday,August,2024,Night,112,17,1.01,74.5,151.5,32,76,9,0,3,23,55,40,6.4
2024-08-13,Tuesday,August,2024,Night,121,22,0.85,51.4,93.2,26,77,6,12,4,20,50,33,7.3
2024-08-14,Wednesday,August,2024,Day,113,22,0.79,64.5,131.9,34,64,8,7,3,23,51,42,7.4
2024-08-15,Thursday,August,2024,Night,107,21,0.78,45.9,99.5,19,55,6,27,3,16,50,36,8.3
2024-08-16,Friday,August,2024,Day,118,20,0.91,61.0,126.4,28,64,9,17,5,21,55,34,6.7
2024-08-17,Saturday,August,2024,Night,139,19,1.13,80.1,165.3,40,82,10,7,5,27,68,44,6.8
2024-08-18,Sunday,August,2024,Night,100,20,0.77,33.9,93.2,18,62,4,16,3,19,40,30,7.8
2024-08-19,Monday,August,2024,Evening,125,23,0.84,49.7,96.1,31,67,7,20,4,21,62,44,7.7
2024-08-20,Tuesday,August,2024,Night,129,21,0.95,42.1,100.1,41,66,9,13,5,26,56,41,7.3
2024-08-21,Wednesday,August,2024,Evening,146,13,1.73,121.3,190.4,28,76,15,27,3,30,67,54,5.7
2024-08-22,Thursday,August,2024,Day,113,18,0.97,57.5,86.6,19,73,9,12,2,17,49,33,5.2
2024-08-23,Friday,August,2024,Evening,118,18,1.01,74.6,162.6,25,81,7,5,4,18,50,43,6.4
2024-08-24,Saturday,August,2024,Evening,76,20,0.58,54.9,70.5,23,47,3,3,3,12,32,26,7.6
2024-08-25,Sunday,August,2024,Day,62,16,0.6,50.2,109.9,15,37,3,7,1,9,26,20,6.9
2024-08-26,Monday,August,2024,Night,130,20,1.0,60.5,127.8,29,92,11,0,3,28,53,37,6.8
2024-08-27,Tuesday,August,2024,Night,150,12,1.92,117.9,235.0,42,94,19,0,7,26,71,43,5.9
2024-08-28,Wednesday,August,2024,Evening,105,24,0.67,42.7,70.1,21,61,7,16,4,18,47,39,7.9
2024-08-29,Thursday,August,2024,Evening,98,21,0.72,46.6,78.9,31,59,5,3,2,17,48,33,7.5
2024-08-30,Friday,August,2024,Day,130,13,1.54,65.9,163.2,27,73,15,15,4,21,52,49,7.5
2024-08-31,Saturday,August,2024,Day,99,17,0.9,68.5,125.4,29,70,6,0,3,17,42,34,7.8
2024-09-01,Sunday,September,2024,Evening,66,20,0.51,31.9,26.0,19,44,2,1,2,11,30,18,8.2
2024-09-02,Monday,September,2024,Night,151,17,1.37,57.3,71.2,46,100,12,0,4,28,67,49,7.3
2024-09-03,Tuesday,September,2024,Day,137,23,0.92,63.8,154.5,39,79,10,9,4,22,64,45,7.2
2024-09-04,Wednesday,September,2024,Night,136,13,1.61,93.5,171.7,43,80,13,0,4,26,58,46,7.2
2024-09-05,Thursday,September,2024,Day,138,10,2.12,118.1,193.3,40,87,20,0,3,20,62,52,4.5
2024-09-06,Friday,September,2024,Day,142,18,1.21,48.8,62.3,25,94,15,8,3,22,64,48,7.0
2024-09-07,Saturday,September,2024,Day,86,21,0.63,36.0,54.8,25,59,4,0,3,14,37,24,7.7
2024-09-08,Sunday,September,2024,Night,78,18,0.67,57.3,124.6,22,39,3,14,3,16,32,28,6.3
2024-09-09,Monday,September,2024,Evening,177,22,1.24,75.6,203.5,28,121,17,11,3,33,71,49,5.5
2024-09-10,Tuesday,September,2024,Day,119,19,0.96,71.7,161.7,23,61,7,28,3,18,54,41,7.1
2024-09-11,Wednesday,September,2024,Day,123,19,1.0,61.1,135.6,36,77,11,0,4,26,53,44,8.0
2024-09-12,Thursday,September,2024,Night,122,19,0.99,64.0,118.5,26,63,11,22,3,20,51,43,7.0
2024-09-13,Friday,September,2024,Evening,148,20,1.14,75.1,103.0,36,92,11,9,5,26,71,48,7.8
2024-09-14,Saturday,September,2024,Night,101,19,0.82,57.1,106.5,16,53,5,27,4,16,43,30,8.1
2024-09-15,Sunday,September,2024,Evening,74,21,0.54,53.9,82.9,20,50,3,1,2,14,35,28,7.8
2024-09-16,Monday,September,2024,Night,119,11,1.66,87.2,141.6,23,65,15,16,3,22,55,41,6.1
2024-09-17,Tuesday,September,2024,Night,140,19,1.13,71.2,99.6,29,93,11,7,5,23,66,49,6.7
2024-09-18,Wednesday,September,2024,Night,119,20,0.92,79.3,129.7,28,80,9,2,5,18,53,36,5.6
2024-09-19,Thursday,September,2024,Day,106,20,0.82,57.4,93.2,27,65,5,9,2,21,49,30,6.9
2024-09-20,Friday,September,2024,Evening,140,13,1.66,105.9,206.2,26,80,17,17,3,26,68,49,5.0
2024-09-21,Saturday,September,2024,Day,91,18,0.78,48.8,105.7,19,63,5,4,2,17,40,31,7.8
2024-09-22,Sunday,September,2024,Evening,80,19,0.65,42.3,82.7,18,47,3,12,3,17,33,24,7.7
2024-09-23,Monday,September,2024,Evening,117,20,0.9,59.8,108.3,33,70,9,5,4,18,54,33,7.0
2024-09-24,Tuesday,September,2024,Evening,124,19,1.0,48.2,89.1,18,64,11,31,3,23,51,42,7.4
2024-09-25,Wednesday,September,2024,Evening,139,21,1.02,61.2,75.4,27,89,13,10,3,23,67,46,5.7
2024-09-26,Thursday,September,2024,Evening,112,12,1.44,61.5,111.8,33,68,11,0,3,18,48,42,7.4
2024-09-27,Friday,September,2024,Evening,125,18,1.07,78.9,167.9,26,64,12,23,4,24,56,37,6.6
2024-09-28,Saturday,September,2024,Day,94,17,0.85,57.8,116.4,24,57,5,8,3,19,45,26,7.1
2024-09-29,Sunday,September,2024,Evening,68,20,0.52,61.3,139.9,21,35,4,8,2,13,27,22,7.0
2024-09-30,Monday,September,2024,Evening,140,19,1.13,88.0,188.0,31,95,12,2,5,21,58,43,6.9
2024-10-01,Tuesday,October,2024,Evening,106,17,0.96,70.8,140.1,26,59,7,14,5,22,46,40,6.5
2024-10-02,Wednesday,October,2024,Day,121,19,0.98,66.4,110.5,34,69,11,7,3,24,50,40,6.6
2024-10-03,Thursday,October,2024,Day,133,20,1.02,72.0,145.9,35,91,10,0,6,20,65,42,6.5
2024-10-04,Friday,October,2024,Day,130,20,1.0,77.3,153.2,28,92,10,0,2,21,54,39,6.8
2024-10-05,Saturday,October,2024,Evening,84,23,0.56,62.5,168.1,26,57,4,0,2,15,41,27,6.3
2024-10-06,Sunday,October,2024,Evening,91,18,0.78,58.8,86.9,16,64,5,6,4,17,40,33,8.2
2024-10-07,Monday,October,2024,Day,146,22,1.02,75.8,148.3,33,95,10,8,4,31,68,46,6.1
2024-10-08,Tuesday,October,2024,Evening,110,19,0.89,47.7,84.7,29,70,7,4,2,19,50,36,7.1
2024-10-09,Wednesday,October,2024,Day,133,18,1.14,53.2,105.3,35,72,12,14,5,23,61,50,6.4
2024-10-10,Thursday,October,2024,Day,137,18,1.17,65.2,126.6,37,91,11,0,3,21,67,40,6.0
2024-10-11,Friday,October,2024,Night,126,18,1.08,61.2,136.1,30,75,10,11,3,25,59,40,7.4
2024-10-12,Saturday,October,2024,Day,76,20,0.58,38.5,69.1,18,52,5,1,1,14,34,27,6.3
2024-10-13,Sunday,October,2024,Day,77,20,0.59,50.1,80.3,15,49,5,8,2,16,36,28,7.1
2024-10-14,Monday,October,2024,Evening,130,18,1.11,70.9,102.4,34,91,9,0,3,21,59,42,7.4
2024-10-15,Tuesday,October,2024,Night,127,21,0.93,49.6,70.1,33,83,10,1,2,25,62,46,8.2
2024-10-16,Wednesday,October,2024,Night,103,23,0.69,45.8,130.9,28,52,6,17,4,18,44,31,7.8
2024-10-17,Thursday,October,2024,Night,117,16,1.12,81.4,159.2,29,74,10,4,5,21,50,38,6.4
2024-10-18,Friday,October,2024,Day,117,19,0.95,83.9,159.2,28,70,9,10,3,25,48,36,6.2
2024-10-19,Saturday,October,2024,Day,87,18,0.74,55.5,119.1,21,51,5,10,2,16,42,26,6.4
2024-10-20,Sunday,October,2024,Day,67,17,0.61,33.9,44.9,11,45,4,7,1,12,29,22,8.8
2024-10-21,Monday,October,2024,Day,195,19,1.58,98.7,140.9,49,105,23,18,4,33,82,71,5.3
2024-10-22,Tuesday,October,2024,Night,121,18,1.03,65.9,149.1,23,69,10,19,2,19,48,35,6.8
2024-10-23,Wednesday,October,2024,Night,112,20,0.86,60.8,148.9,21,64,6,21,3,20,49,42,6.6
2024-10-24,Thursday,October,2024,Evening,123,15,1.26,79.8,184.1,26,77,13,7,5,19,54,44,6.7
2024-10-25,Friday,October,2024,Evening,131,18,1.12,64.7,147.7,24,78,9,20,3,22,58,37,7.0
2024-10-26,Saturday,October,2024,Day,82,20,0.63,50.7,107.6,19,53,3,7,2,14,38,26,8.2
2024-10-27,Sunday,October,2024,Night,76,19,0.62,49.9,104.9,15,47,4,10,3,15,30,25,7.6
2024-10-28,Monday,October,2024,Day,162,18,1.38,74.5,179.1,47,91,17,7,5,27,70,58,5.4
2024-10-29,Tuesday,October,2024,Day,134,17,1.21,79.0,159.5,38,73,14,9,3,27,54,44,4.9
2024-10-30,Wednesday,October,2024,Night,115,15,1.18,72.1,149.9,20,58,12,25,3,21,57,39,8.4
2024-10-31,Thursday,October,2024,Evening,98,23,0.66,62.7,92.8,30,67,5,0,3,16,39,36,5.9
2024-11-01,Friday,November,2024,Evening,116,19,0.94,51.6,107.2,28,80,8,0,2,20,46,32,7.3
2024-11-02,Saturday,November,2024,Night,98,17,0.89,77.7,115.8,17,63,7,11,4,17,45,34,6.3
2024-11-03,Sunday,November,2024,Night,78,24,0.5,46.9,136.9,17,43,2,16,2,13,32,22,9.0
2024-11-04,Monday,November,2024,Night,146,22,1.02,80.5,131.6,46,90,11,0,4,25,72,53,6.0
2024-11-05,Tuesday,November,2024,Day,147,11,2.06,104.4,188.6,41,78,21,7,7,29,69,48,4.8
2024-11-06,Wednesday,November,2024,Day,122,18,1.04,82.9,120.4,29,82,9,2,4,24,51,36,5.8
2024-11-07,Thursday,November,2024,Night,183,18,1.56,87.8,178.2,49,98,23,13,5,28,85,63,5.8
2024-11-08,Friday,November,2024,Night,133,20,1.02,65.5,94.7,24,83,9,17,3,24,53,43,6.3
2024-11-09,Saturday,November,2024,Evening,117,18,1.0,72.0,122.6,32,79,11,0,5,23,58,32,6.5
2024-11-10,Sunday,November,2024,Night,67,21,0.49,36.5,55.7,17,44,4,2,3,12,32,24,7.3
2024-11-11,Monday,November,2024,Day,164,22,1.15,62.0,77.9,47,82,13,22,4,30,76,47,7.2
2024-11-12,Tuesday,November,2024,Night,139,17,1.26,63.5,97.8,30,73,14,22,4,26,68,50,6.6
2024-11-13,Wednesday,November,2024,Day,106,16,1.02,67.7,108.4,25,56,7,18,3,22,43,38,7.0
2024-11-14,Thursday,November,2024,Day,108,11,1.51,85.3,155.0,27,64,13,4,4,22,47,30,6.7
2024-11-15,Friday,November,2024,Night,130,19,1.05,68.1,137.1,34,65,9,22,3,27,59,45,7.5
2024-11-16,Saturday,November,2024,Day,103,21,0.75,51.2,60.0,31,52,8,12,4,16,47,37,7.6
2024-11-17,Sunday,November,2024,Night,81,20,0.62,45.8,52.1,12,41,5,23,1,17,37,24,6.3
2024-11-18,Monday,November,2024,Night,136,22,0.95,56.2,117.7,32,94,13,0,6,27,67,47,6.6
2024-11-19,Tuesday,November,2024,Day,125,17,1.13,68.2,130.3,35,87,12,0,2,20,51,45,7.1
2024-11-20,Wednesday,November,2024,Evening,132,17,1.19,61.8,108.2,39,78,14,1,4,26,53,38,6.2
2024-11-21,Thursday,November,2024,Day,128,19,1.04,65.0,139.7,24,69,12,23,3,21,58,40,7.1
2024-11-22,Friday,November,2024,Day,110,19,0.89,59.3,128.6,21,64,8,17,2,17,50,31,7.4
2024-11-23,Saturday,November,2024,Evening,74,23,0.49,39.6,106.3,16,53,4,1,3,15,36,23,7.8
2024-11-24,Sunday,November,2024,Night,79,12,1.01,50.7,79.2,16,49,5,9,3,13,33,25,7.6
2024-11-25,Monday,November,2024,Day,120,21,0.88,62.2,169.8,32,83,9,0,5,20,54,36,6.3
2024-11-26,Tuesday,November,2024,Day,148,22,1.03,65.7,102.7,47,75,13,13,5,25,69,52,6.7
2024-11-27,Wednesday,November,2024,Evening,130,16,1.25,72.0,88.2,34,81,11,4,4,25,60,40,6.9
2024-11-28,Thursday,November,2024,Day,112,23,0.75,65.2,141.0,33,56,5,18,4,17,50,36,7.5
2024-11-29,Friday,November,2024,Day,108,22,0.76,53.4,117.3,17,60,5,26,3,19,48,40,7.8
2024-11-30,Saturday,November,2024,Night,84,19,0.68,39.9,70.8,22,52,5,5,3,17,40,28,7.4
2024-12-01,Sunday,December,2024,Evening,96,19,0.78,45.3,70.4,25,68,6,0,3,14,38,27,9.4
2024-12-02,Monday,December,2024,Night,132,24,0.85,48.6,98.8,36,68,6,22,4,28,54,48,8.3
2024-12-03,Tuesday,December,2024,Evening,161,13,1.91,92.7,176.7,37,109,23,0,4,28,67,48,5.9
2024-12-04,Wednesday,December,2024,Day,143,16,1.38,87.9,210.3,23,98,16,6,6,21,60,40,5.7
2024-12-05,Thursday,December,2024,Day,151,20,1.16,59.8,102.0,34,97,11,9,4,26,70,48,6.7
2024-12-06,Friday,December,2024,Day,132,18,1.13,79.1,132.3,26,70,9,27,3,22,56,49,5.5
2024-12-07,Saturday,December,2024,Evening,150,16,1.44,65.4,108.5,25,90,14,21,7,25,73,54,6.4
2024-12-08,Sunday,December,2024,Night,97,19,0.79,61.7,133.8,27,59,8,3,4,19,41,27,7.5
2024-12-09,Monday,December,2024,Evening,157,20,1.21,70.7,149.4,23,107,11,16,7,23,74,44,6.7
2024-12-10,Tuesday,December,2024,Day,118,24,0.76,59.5,109.3,28,79,8,3,4,22,55,40,8.0
2024-12-11,Wednesday,December,2024,Evening,170,23,1.14,74.8,134.0,41,88,18,23,6,29,73,54,7.5
2024-12-12,Thursday,December,2024,Day,118,18,1.01,64.4,149.3,25,68,8,17,4,24,58,42,6.9
2024-12-13,Friday,December,2024,Night,156,11,2.18,124.0,267.7,25,107,22,2,4,25,63,52,5.4
2024-12-14,Saturday,December,2024,Day,82,20,0.63,44.3,84.2,15,42,5,20,3,14,35,26,8.0
2024-12-15,Sunday,December,2024,Day,77,18,0.66,58.9,110.6,23,51,3,0,2,14,38,24,6.7
2024-12-16,Monday,December,2024,Evening,237,17,2.14,100.9,173.1,56,169,31,0,10,38,109,72,6.5
2024-12-17,Tuesday,December,2024,Night,149,17,1.35,81.6,113.2,36,95,13,5,4,26,67,49,6.5
2024-12-18,Wednesday,December,2024,Night,152,18,1.3,71.6,105.6,27,107,15,3,4,26,75,50,7.6
2024-12-19,Thursday,December,2024,Night,123,19,1.0,72.6,88.8,33,88,11,0,5,26,54,46,6.1
2024-12-20,Friday,December,2024,Evening,117,25,0.72,49.9,134.2,25,80,8,4,4,24,49,37,7.5
2024-12-21,Saturday,December,2024,Evening,120,10,1.85,85.3,148.5,31,63,17,9,4,19,51,38,5.7
2024-12-22,Sunday,December,2024,Evening,89,21,0.65,59.0,107.8,25,55,4,5,2,17,39,32,7.7
2024-12-23,Monday,December,2024,Day,147,18,1.26,59.1,114.0,38,86,14,9,3,29,64,53,6.7
2024-12-24,Tuesday,December,2024,Evening,158,20,1.22,69.1,137.9,45,85,16,12,4,27,65,50,7.1
2024-12-25,Wednesday,December,2024,Day,151,20,1.16,105.6,201.7,29,77,12,33,5,24,74,55,5.5
2024-12-26,Thursday,December,2024,Day,129,18,1.1,72.0,164.2,39,90,13,0,3,25,58,36,8.5
2024-12-27,Friday,December,2024,Evening,146,21,1.07,66.3,116.0,33,90,9,14,4,29,65,49,6.9
2024-12-28,Saturday,December,2024,Day,109,17,0.99,62.4,166.7,31,72,7,0,3,22,53,40,4.9
2024-12-29,Sunday,December,2024,Day,90,21,0.66,44.1,93.0,23,58,4,5,2,18,44,32,7.3
2024-12-30,Monday,December,2024,Evening,146,21,1.07,75.3,162.2,34,80,12,20,4,25,58,48,5.3
